distance_m,height_m,method,target_side_px,rmse_px,shape_rmse_px,normalized_rmse,out_of_region_fraction
1.0,1.2,uncorrected,226.57342758878193,100.10056735706564,38.40436680325574,0.3124011086916461,0.0
1.0,1.2,affine_corner_fit,226.57342758878193,27.727946354838544,17.152339140965708,0.08653538547983684,0.0
1.0,1.2,projective,226.57342758878193,8.623705505146968e-14,2.326750719169122e-13,2.691348542739307e-16,0.0
1.0,1.6,uncorrected,275.15923695549503,73.47986485418946,37.18251820407271,0.18882924409138502,0.0
1.0,1.6,affine_corner_fit,275.15923695549503,30.482908057443204,18.829567827555834,0.07833526228738032,0.0
1.0,1.6,projective,275.15923695549503,4.266670808283297e-13,3.433769534912033e-13,1.0964530556958125e-15,0.0
1.0,1.8,uncorrected,293.65559052708534,61.94810853789598,35.50277523809083,0.14916769522488027,0.0
1.0,1.8,affine_corner_fit,293.65559052708534,30.770058101988482,18.993200606848212,0.07409263587445068,0.0
1.0,1.8,projective,293.65559052708534,1.180965842735222e-13,1.2758785207102255e-13,2.8437018830422657e-16,0.0
2.0,1.2,uncorrected,136.8532213563961,80.98049589662584,27.382585542249945,0.41841804836461216,0.0
2.0,1.2,affine_corner_fit,136.8532213563961,14.018351915896112,8.650590104424662,0.07243140937819285,0.0
2.0,1.2,projective,136.8532213563961,3.1189676744892786e-13,8.038957870491668e-13,1.6115391154655708e-15,0.0
2.0,1.6,uncorrected,172.28315139631587,65.50586177762983,29.16134166470412,0.26885762592000756,0.0
2.0,1.6,affine_corner_fit,172.28315139631587,16.61683643146572,10.246950993095032,0.06820096815809897,0.0
2.0,1.6,projective,172.28315139631587,6.198284868673315e-13,5.381740720102728e-13,2.543980201687089e-15,0.0
2.0,1.8,uncorrected,187.46383892761702,58.33871282253215,29.151062356408605,0.22005150261771317,0.0
2.0,1.8,affine_corner_fit,187.46383892761702,17.463101815333705,10.764778158044264,0.06587018480370206,0.0
2.0,1.8,projective,187.46383892761702,8.662150357013113e-13,4.062004820407519e-13,3.2673316049323184e-15,0.0
3.0,1.2,uncorrected,91.1392409697162,68.28658654289178,20.11683346174333,0.5298037145668713,0.0
3.0,1.2,affine_corner_fit,91.1392409697162,7.940464324021322,4.891483129748342,0.06160635209976136,0.0
3.0,1.2,projective,91.1392409697162,2.6137378588423873e-13,5.154366876319302e-13,2.027877064332341e-15,0.0
3.0,1.6,uncorrected,116.91475026315413,58.17555186889072,22.709463834871684,0.351848908141803,0.0
3.0,1.6,affine_corner_fit,116.91475026315413,9.787027136347653,6.026805004579158,0.05919247349193697,0.0
3.0,1.6,projective,116.91475026315413,7.632107174919798e-14,7.37190593214479e-14,4.61594001268553e-16,0.0
3.0,1.8,uncorrected,128.5714292372451,53.348218590044276,23.381775532947817,0.29340023170804747,0.0
3.0,1.8,affine_corner_fit,128.5714292372451,10.512989144033739,6.472533422698637,0.05781849014503573,0.0
3.0,1.8,projective,128.5714292372451,2.949699028804953e-13,1.7798102986468e-13,1.6222516916092165e-15,0.0
5.0,1.2,uncorrected,48.5029942763343,52.07723819731772,11.89099228646066,0.7592143294286843,0.0
5.0,1.2,affine_corner_fit,48.5029942763343,3.2246953009922037,1.9824171560510453,0.047011611316222286,0.0
5.0,1.2,projective,48.5029942763343,8.615205054086425e-14,7.323443114905095e-14,1.2559781114440368e-15,0.0
5.0,1.6,uncorrected,63.34310885122282,46.81256424010036,14.28529625092884,0.522574313437204,0.0
5.0,1.6,affine_corner_fit,63.34310885122282,4.123129208688968,2.5344276284629754,0.04602698977121661,0.0
5.0,1.6,projective,63.34310885122282,3.5393283263119523e-13,8.528729720339203e-13,3.950994994986738e-15,0.0
5.0,1.8,uncorrected,70.38378025606546,44.231739366618555,15.19850936630684,0.44437173928458645,0.0
5.0,1.8,affine_corner_fit,70.38378025606546,4.523913485835655,2.780585935908331,0.04544924827421432,0.0
5.0,1.8,projective,70.38378025606546,1.4684393948191042e-13,1.4666535962658096e-13,1.475259569833317e-15,0.0
