delta_distance_m,delta_height_m,delta_lateral_m,rmse_px,shape_rmse_px,normalized_rmse
-0.5,-0.2,-0.3,10.614547155469502,5.026507167318686,0.06419735966559448
-0.5,-0.2,-0.15,7.490285754871884,2.634918513501519,0.04530165644945218
-0.5,-0.2,0.0,6.089185309149212,0.8362145380966841,0.036827724596849784
-0.5,-0.2,0.15,7.490285754871898,2.634918513501533,0.04530165644945226
-0.5,-0.2,0.3,10.61454715546952,5.026507167318708,0.06419735966559459
-0.5,-0.1,-0.3,11.343934698354508,4.938545894092564,0.06860873527496891
-0.5,-0.1,-0.15,8.598575544779946,2.747086680094736,0.052004653498155466
-0.5,-0.1,0.0,7.45135776927916,1.34790644115423,0.04506621787109837
-0.5,-0.1,0.15,8.598575544779955,2.7470866800947356,0.05200465349815552
-0.5,-0.1,0.3,11.343934698354524,4.9385458940925755,0.06860873527496901
-0.5,-0.05,-0.3,11.81192131142886,5.055199098127968,0.0714391438150767
-0.5,-0.05,-0.15,9.257204301958362,3.070018007282397,0.055988076115379315
-0.5,-0.05,0.0,8.221628671328931,1.9854724894849773,0.04972485826475385
-0.5,-0.05,0.15,9.257204301958373,3.070018007282399,0.055988076115379384
-0.5,-0.05,0.3,11.811921311428875,5.055199098127982,0.0714391438150768
-0.5,0.0,-0.3,12.329636458199012,5.255385101378909,0.07457031323707164
-0.5,0.0,-0.15,9.956163758181564,3.49002245512948,0.06021542099835982
-0.5,0.0,0.0,9.01881560508437,2.6336682514599894,0.054546288285029325
-0.5,0.0,0.15,9.956163758181573,3.490022455129483,0.06021542099835987
-0.5,0.0,0.3,12.329636458199028,5.255385101378918,0.07457031323707174
-0.5,0.05,-0.3,12.884799409268094,5.519773025111819,0.07792796902028891
-0.5,0.05,-0.15,10.679836286860077,3.961964326366766,0.06459223189035776
-0.5,0.05,0.0,9.82795762877363,3.2685790343858816,0.059440023340750485
-0.5,0.05,0.15,10.679836286860084,3.9619643263667905,0.0645922318903578
-0.5,0.05,0.3,12.884799409268105,5.519773025111809,0.07792796902028898
-0.5,0.1,-0.3,13.466953609577693,5.830870478942564,0.08144886934987615
-0.5,0.1,-0.15,11.41654684080248,4.457822905141451,0.06904789746969522
-0.5,0.1,0.0,10.638802036649201,3.8833541459084975,0.06434405450880662
-0.5,0.1,0.15,11.416546840802482,4.457822905141459,0.06904789746969524
-0.5,0.1,0.3,13.466953609577704,5.83087047894258,0.08144886934987622
-0.5,0.2,-0.3,14.678838765725002,6.5382488527270946,0.08877841681931246
-0.5,0.2,-0.15,12.896536593629289,5.462114364862464,0.07799895615095598
-0.5,0.2,0.0,12.23927286366704,5.0457814171314475,0.07402378929272647
-0.5,0.2,0.15,12.896536593629296,5.462114364862456,0.07799895615095602
-0.5,0.2,0.3,14.678838765725018,6.538248852727105,0.08877841681931256
-0.25,-0.2,-0.3,8.291904793873114,5.148717926254873,0.05014989208379412
-0.25,-0.2,-0.15,4.670252748832482,3.0096291976903733,0.028245943143371772
-0.25,-0.2,0.0,2.4569980338062303,1.7658069756718253,0.014860058009412104
-0.25,-0.2,0.15,4.6702527488325,3.009629197690374,0.02824594314337188
-0.25,-0.2,0.3,8.291904793873133,5.148717926254894,0.05014989208379424
-0.25,-0.1,-0.3,8.319685741145936,4.671019653650392,0.05031791276690025
-0.25,-0.1,-0.15,4.852229533643647,2.3768662604048347,0.0293465486552415
-0.25,-0.1,0.0,2.8633812687508526,0.39295751622734576,0.017317885961343583
-0.25,-0.1,0.15,4.852229533643665,2.3768662604048347,0.029346548655241608
-0.25,-0.1,0.3,8.319685741145955,4.671019653650419,0.05031791276690037
-0.25,-0.05,-0.3,8.497196500671524,4.608104608164154,0.05139150751445433
-0.25,-0.05,-0.15,5.213748387337588,2.3859000642475254,0.03153303438435943
-0.25,-0.05,0.0,3.4725612969241944,0.6435702554914198,0.02100223997069851
-0.25,-0.05,0.15,5.213748387337604,2.38590006424755,0.031533034384359525
-0.25,-0.05,0.3,8.497196500671546,4.608104608164173,0.051391507514454454
-0.25,0.0,-0.3,8.766517569776303,4.653608226733696,0.05302037601780191
-0.25,0.0,-0.15,5.700531173018536,2.5937040717810476,0.03447712320074168
-0.25,0.0,0.0,4.194690863764418,1.288676560622084,0.02536971894541048
-0.25,0.0,0.15,5.700531173018547,2.593704071781065,0.03447712320074175
-0.25,0.0,0.3,8.766517569776322,4.6536082267337235,0.053020376017802025
-0.25,0.05,-0.3,9.112599242012914,4.792592188845949,0.055113496832173696
-0.25,0.05,-0.15,6.273339738514099,2.9390305331733484,0.03794150062165723
-0.25,0.05,0.0,4.967956439087551,1.9435277112408424,0.03004647128622631
-0.25,0.05,0.15,6.273339738514109,2.9390305331733724,0.03794150062165729
-0.25,0.05,0.3,9.11259924201293,4.792592188845975,0.05511349683217379
-0.25,0.1,-0.3,9.520600641038195,5.006924005153336,0.057581111528651356
-0.25,0.1,-0.15,6.901753777024169,3.364335316889366,0.041742182973739654
-0.25,0.1,0.0,5.760936932510682,2.580298074750085,0.03484246052613031
-0.25,0.1,0.15,6.90175377702418,3.3643353168893886,0.04174218297373973
-0.25,0.1,0.3,9.520600641038214,5.00692400515335,0.057581111528651474
-0.25,0.2,-0.3,10.469614001060535,5.591284807381358,0.06332079604919308
-0.25,0.2,-0.15,8.244420896772196,4.314733332161116,0.049862706886360526
-0.25,0.2,0.0,7.347456212292782,3.78624563537706,0.04443781559203998
-0.25,0.2,0.15,8.244420896772207,4.3147333321611345,0.04986270688636059
-0.25,0.2,0.3,10.469614001060549,5.591284807381368,0.06332079604919316
-0.1,-0.2,-0.3,7.9332686437540145,5.380125752638662,0.047980841102997794
-0.1,-0.2,-0.15,4.564090722686737,3.4688229237865693,0.02760386942364697
-0.1,-0.2,0.0,2.586483147329698,2.5059929775216334,0.01564319103265399
-0.1,-0.2,0.15,4.564090722686752,3.468822923786586,0.027603869423647065
-0.1,-0.2,0.3,7.933268643754031,5.380125752638682,0.0479808411029979
-0.1,-0.1,-0.3,7.483555890618205,4.691013125281149,0.04526095386368323
-0.1,-0.1,-0.15,3.863535493257201,2.5027205573954365,0.023366873217348455
-0.1,-0.1,0.0,1.0644846070275897,0.957428831958855,0.006438060915356733
-0.1,-0.1,0.15,3.8635354932572175,2.5027205573954525,0.023366873217348552
-0.1,-0.1,0.3,7.483555890618229,4.6910131252811755,0.045260953863683374
-0.1,-0.05,-0.3,7.429630717508186,4.513943897934077,0.044934811477911306
-0.1,-0.05,-0.15,3.828216668689624,2.282834710630205,0.02315326304156602
-0.1,-0.05,0.0,1.0203420354173247,0.2529852811714242,0.006171084236585447
-0.1,-0.05,0.15,3.8282166686896444,2.282834710630217,0.023153263041566143
-0.1,-0.05,0.3,7.4296307175082035,4.513943897934088,0.04493481147791142
-0.1,0.0,-0.3,7.484890339510888,4.450402294396247,0.045269024683310684
-0.1,0.0,-0.15,4.002727970909508,2.282549808931822,0.024208716907871405
-0.1,0.0,0.0,1.6095404997866118,0.5086837411188057,0.009734588659102473
-0.1,0.0,0.15,4.002727970909524,2.28254980893183,0.024208716907871502
-0.1,0.0,0.3,7.484890339510906,4.450402294396258,0.04526902468331079
-0.1,0.05,-0.3,7.6398899487563,4.49264515199428,0.04620647076716241
-0.1,0.05,-0.15,4.349363291217867,2.4788015750217225,0.026305186215953725
-0.1,0.05,0.0,2.3814864077145756,1.1768277783577528,0.014403359579593369
-0.1,0.05,0.15,4.349363291217879,2.478801575021719,0.026305186215953794
-0.1,0.05,0.3,7.639889948756322,4.492645151994308,0.046206470767162534
-0.1,0.1,-0.3,7.882004387430793,4.626578785810941,0.0476707920869665
-0.1,0.1,-0.15,4.820036877789135,2.812288534386208,0.029151845718204953
-0.1,0.1,0.0,3.189875040066359,1.8265423504865228,0.019292538083447306
-0.1,0.1,0.15,4.820036877789145,2.8122885343861714,0.02915184571820502
-0.1,0.1,0.3,7.8820043874308094,4.626578785810945,0.047670792086966604
-0.1,0.2,-0.3,8.571369013392061,5.099655631808025,0.05184010691362583
-0.1,0.2,-0.15,5.975435562425563,3.6811272010838954,0.03613975992955585
-0.1,0.2,0.0,4.798905582761739,3.055354393613879,0.02902404249427048
-0.1,0.2,0.15,5.975435562425574,3.681127201083932,0.03613975992955591
-0.1,0.2,0.3,8.571369013392074,5.099655631808008,0.05184010691362591
0.0,-0.2,-0.3,8.093537455296254,5.585725588578698,0.048950155609500584
0.0,-0.2,-0.15,5.127814987999442,3.8274587382598706,0.03101330450198235
0.0,-0.2,0.0,3.623535423137888,3.003716240911569,0.021915339713794488
0.0,-0.2,0.15,5.127814987999458,3.827458738259866,0.031013304501982447
0.0,-0.2,0.3,8.093537455296266,5.585725588578716,0.04895015560950066
0.0,-0.1,-0.3,7.370740224946548,4.773485775262567,0.044578638569497085
0.0,-0.1,-0.15,4.001430965812291,2.7083684447691976,0.024200872550359534
0.0,-0.1,0.0,1.7744555188014646,1.4453874144973633,0.010732003681607647
0.0,-0.1,0.15,4.00143096581231,2.708368444769225,0.024200872550359652
0.0,-0.1,0.3,7.37074022494657,4.773485775262596,0.044578638569497224
0.0,-0.05,-0.3,7.16436912079311,4.523838726825046,0.04333049488480891
0.0,-0.05,-0.15,3.671048143377643,2.358010769537709,0.022202699235142564
0.0,-0.05,0.0,0.877815091944085,0.7090133657827963,0.005309073515056488
0.0,-0.05,0.15,3.6710481433776687,2.3580107695377195,0.02220269923514272
0.0,-0.05,0.3,7.164369120793128,4.523838726825062,0.04333049488480902
0.0,0.0,-0.3,7.065619823292545,4.386035385821438,0.04273325375190745
0.0,0.0,-0.15,3.542036065259499,2.2071655021484813,0.021422427155811462
0.0,0.0,0.0,7.632107174919798e-14,7.37190593214479e-14,4.61594001268553e-16
0.0,0.0,0.15,3.542036065259519,2.207165502148505,0.021422427155811583
0.0,0.0,0.3,7.065619823292567,4.386035385821467,0.042733253751907584
0.0,0.05,-0.3,7.072099812527963,4.357844947610234,0.04277244507994832
0.0,0.05,-0.15,3.6222635135695973,2.2704618359631836,0.02190764713540921
0.0,0.05,0.0,0.8588585658129001,0.6825552896868515,0.0051944234119263855
0.0,0.05,0.15,3.622263513569619,2.270461835963203,0.021907647135409342
0.0,0.05,0.3,7.072099812527979,4.357844947610235,0.042772445079948415
0.0,0.1,-0.3,7.17681664028998,4.429709533310826,0.043405778161088225
0.0,0.1,-0.15,3.8862981375851873,2.5110158408087697,0.023504542930757825
0.0,0.1,0.0,1.698658871720954,1.3395654736917235,0.010273581429315299
0.0,0.1,0.15,3.8862981375852104,2.5110158408087817,0.023504542930757964
0.0,0.1,0.3,7.176816640290004,4.429709533310813,0.04340577816108837
0.0,0.2,-0.3,7.636437422451363,4.811136657503896,0.046185589699915104
0.0,0.2,-0.15,4.7863900516009386,3.2905650994226274,0.028948347879741224
0.0,0.2,0.0,3.3208196675782387,2.5806065187220777,0.02008449832683139
0.0,0.2,0.15,4.786390051600953,3.2905650994226363,0.02894834787974131
0.0,0.2,0.3,7.636437422451385,4.811136657503927,0.04618558969991524
0.1,-0.2,-0.3,8.503271204357667,5.824079644906116,0.05142824765340601
0.1,-0.2,-0.15,5.979399200112645,4.210955477284716,0.0361637322262968
0.1,-0.2,0.0,4.846135156817032,3.4972572094949483,0.029309689532064087
0.1,-0.2,0.15,5.9793992001126535,4.210955477284727,0.036163732226296846
0.1,-0.2,0.3,8.503271204357683,5.824079644906121,0.05142824765340611
0.1,-0.1,-0.3,7.574359036682582,4.904720709107789,0.04581013623965096
0.1,-0.1,-0.15,4.64718880321613,2.983316433764493,0.028106451143350114
0.1,-0.1,0.0,3.096847937007713,1.9380515249762376,0.0187299050943775
0.1,-0.1,0.15,4.647188803216144,2.9833164337644993,0.0281064511433502
0.1,-0.1,0.3,7.574359036682601,4.904720709107799,0.04581013623965108
0.1,-0.05,-0.3,7.239695354838144,4.588176799318542,0.043786072053426224
0.1,-0.05,-0.15,4.128495565633067,2.531920373425285,0.024969366174814902
0.1,-0.05,0.0,2.2749472419246035,1.2018463593494992,0.013759004898747004
0.1,-0.05,0.15,4.128495565633078,2.5319203734252875,0.02496936617481497
0.1,-0.05,0.3,7.23969535483816,4.588176799318541,0.04378607205342632
0.1,0.0,-0.3,7.00073303707962,4.378315996917581,0.042340814932705514
0.1,0.0,-0.15,3.749275914352015,2.2449352772227438,0.022675825057235855
0.1,0.0,0.0,1.5257859382842816,0.4996421501636873,0.009228036506698244
0.1,0.0,0.15,3.7492759143520304,2.24493527722275,0.022675825057235952
0.1,0.0,0.3,7.000733037079642,4.37831599691761,0.04234081493270565
0.1,0.05,-0.3,6.8610575951850326,4.2779078177664,0.04149605024812477
0.1,0.05,-0.15,3.541887085600631,2.1620280128445217,0.021421526118715565
0.1,0.05,0.0,0.9791879206217756,0.24016451128741678,0.005922181907493842
0.1,0.05,0.15,3.5418870856006466,2.162028012844538,0.02142152611871566
0.1,0.05,0.3,6.861057595185053,4.277907817766427,0.041496050248124895
0.1,0.1,-0.3,6.820381006445882,4.2826813494601845,0.041250036022646375
0.1,0.1,-0.15,3.5241877482043398,2.282525465035793,0.021314479561568102
0.1,0.1,0.0,0.9894983267630602,0.873656978469322,0.005984539805730634
0.1,0.1,0.15,3.524187748204354,2.2825254650358,0.02131447956156819
0.1,0.1,0.3,6.820381006445901,4.282681349460189,0.04125003602264649
0.1,0.2,-0.3,7.0143366917006436,4.558705103119718,0.04242309057722252
0.1,0.2,-0.15,3.9980026569849887,2.933636647755175,0.02418013795173677
0.1,0.2,0.0,2.1999824167146476,2.1183767653260763,0.01330561355046022
0.1,0.2,0.15,3.9980026569850025,2.9336366477551508,0.024180137951736853
0.1,0.2,0.3,7.014336691700662,4.558705103119747,0.042423090577222634
0.25,-0.2,-0.3,9.434535580296643,6.229069398262422,0.057060585350931226
0.25,-0.2,-0.15,7.4865773005274106,4.812234154622528,0.04527922751547425
0.25,-0.2,0.0,6.707497747167055,4.2242685909811835,0.040567311918640374
0.25,-0.2,0.15,7.486577300527418,4.812234154622542,0.045279227515474293
0.25,-0.2,0.3,9.434535580296657,6.229069398262438,0.05706058535093131
0.25,-0.1,-0.3,8.321697547427323,5.178419705536348,0.05033008028092908
0.25,-0.1,-0.15,6.076200581261551,3.479460573984039,0.03674919225494629
0.25,-0.1,0.0,5.106333847025215,2.667737925930127,0.030883385390695607
0.25,-0.1,0.15,6.076200581261561,3.479460573984049,0.036749192254946356
0.25,-0.1,0.3,8.321697547427338,5.178419705536357,0.05033008028092916
0.25,-0.05,-0.3,7.858363449192129,4.775200348653018,0.047527810404120276
0.25,-0.05,-0.15,5.454799815530269,2.926517046729268,0.032990926558837806
0.25,-0.05,0.0,4.361300103463216,1.933220952384427,0.02637738070694343
0.25,-0.05,0.15,5.454799815530277,2.926517046729287,0.032990926558837855
0.25,-0.05,0.3,7.858363449192149,4.775200348653034,0.0475278104041204
0.25,0.0,-0.3,7.466266986152424,4.466740951098057,0.045156389627267174
0.25,0.0,-0.15,4.907825599573156,2.4866907316780047,0.02968279669184565
0.25,0.0,0.0,3.669823961097983,1.2322207217866388,0.02219529531399996
0.25,0.0,0.15,4.907825599573167,2.4866907316780202,0.029682796691845717
0.25,0.0,0.3,7.466266986152437,4.466740951098059,0.04515638962726726
0.25,0.05,-0.3,7.15185941014257,4.260925195547201,0.043254835473042916
0.25,0.05,-0.15,4.4541713183996645,2.202997543079869,0.02693907087615463
0.25,0.05,0.0,3.055819013661208,0.5900874025116323,0.01848175992999237
0.25,0.05,0.15,4.454171318399678,2.2029975430798716,0.02693907087615471
0.25,0.05,0.3,7.151859410142585,4.2609251955471965,0.043254835473043006
0.25,0.1,-0.3,6.920318275132262,4.160859113500113,0.04185446207002144
0.25,0.1,-0.15,4.115539349062742,2.1142700710599343,0.024891006270912466
0.25,0.1,0.0,2.5604777632083997,0.350809274438866,0.01548590905225253
0.25,0.1,0.15,4.115539349062757,2.1142700710599525,0.02489100627091256
0.25,0.1,0.3,6.92031827513228,4.160859113500109,0.041854462070021546
0.25,0.2,-0.3,6.715008537138813,4.2567476290213255,0.04061273758571098
0.25,0.2,-0.15,3.856080682466028,2.484219907161811,0.02332178611541276
0.25,0.2,0.0,2.17575652547578,1.4597498250597758,0.013159094039990124
0.25,0.2,0.15,3.856080682466045,2.484219907161815,0.023321786115412864
0.25,0.2,0.3,6.715008537138834,4.25674762902134,0.04061273758571111
0.5,-0.2,-0.3,11.395457894405268,6.987641530475219,0.06892035037258401
0.5,-0.2,-0.15,10.098214120561353,5.837841054476057,0.061074549331462974
0.5,-0.2,0.0,9.624212015385453,5.392293700048852,0.05820775876729403
0.5,-0.2,0.15,10.098214120561359,5.837841054476071,0.06107454933146301
0.5,-0.2,0.3,11.395457894405281,6.9876415304752495,0.06892035037258408
0.5,-0.1,-0.3,10.191881421643494,5.784908813868387,0.06164105427306825
0.5,-0.1,-0.15,8.742869765084887,4.416377627263671,0.05287735280627523
0.5,-0.1,0.0,8.19996913782726,3.843517003677288,0.049593860225739125
0.5,-0.1,0.15,8.742869765084894,4.416377627263676,0.05287735280627527
0.5,-0.1,0.3,10.191881421643506,5.784908813868385,0.061641054273068326
0.5,-0.05,-0.3,9.646185124540192,5.275219245724835,0.05834065332894769
0.5,-0.05,-0.15,8.114734594876992,3.777636957748022,0.04907835706488206
0.5,-0.05,0.0,7.531955258810678,3.11092715407113,0.04555367588016969
0.5,-0.05,0.15,8.114734594876998,3.777636957748048,0.049078357064882096
0.5,-0.05,0.3,9.646185124540207,5.275219245724847,0.05834065332894778
0.5,0.0,-0.3,9.142749888631867,4.8379298692633705,0.0552958495860686
0.5,0.0,-0.15,7.525614336744293,3.202237463759379,0.04551532563794598
0.5,0.0,0.0,6.899186828196247,2.408625254196381,0.04172665792733536
0.5,0.0,0.15,7.525614336744301,3.202237463759376,0.04551532563794603
0.5,0.0,0.3,9.14274988863188,4.837929869263376,0.055295849586068674
0.5,0.05,-0.3,8.685577475269465,4.482722001775144,0.052530845915168635
0.5,0.05,-0.15,6.981174362162862,2.711067690101915,0.04222252300090449
0.5,0.05,0.0,6.307591786493737,1.7426178704840685,0.03814865887449884
0.5,0.05,0.15,6.981174362162869,2.7110676901019466,0.04222252300090453
0.5,0.05,0.3,8.685577475269476,4.482722001775162,0.0525308459151687
0.5,0.1,-0.3,8.27881783252883,4.21882359994098,0.05007074142837348
0.5,0.1,-0.15,6.488128812210052,2.336203398218303,0.039240556644899234
0.5,0.1,0.0,5.764725086205272,1.1328995604100185,0.03486537148612118
0.5,0.1,0.15,6.488128812210059,2.3362033982183243,0.039240556644899276
0.5,0.1,0.3,8.278817832528844,4.218823599940996,0.05007074142837357
0.5,0.2,-0.3,7.63259523185507,3.986330738518757,0.046162351921797844
0.5,0.2,-0.15,5.687751007052577,2.084557971869691,0.034399828060488816
0.5,0.2,0.0,4.864919903560435,0.6659413457492424,0.029423300704095292
0.5,0.2,0.15,5.687751007052581,2.084557971869691,0.03439982806048884
0.5,0.2,0.3,7.632595231855082,3.986330738518779,0.04616235192179792
